c,f,p,course deg,knots,alt ft,hdop,sats,loc age,lat,lng,chars proc,fail checksum,date,time
26.9,80.42,99396,0,0,643,144,5,955,40.397858,-89.247704,8043,0,5/13/2022,13:22:36
26.8,80.24,99393,0,0,631,144,5,300,40.397858,-89.247696,10400,1,5/13/2022,13:22:44
26.8,80.24,99386,0,0,630,144,5,392,40.397858,-89.247696,12788,1,5/13/2022,13:22:51
26.6,79.88,99363,0,0,629,145,5,483,40.397854,-89.247696,15176,1,5/13/2022,13:22:58
26.8,80.24,99387,0,0,634,99,8,564,40.397861,-89.247696,17627,1,5/13/2022,13:23:05
26.5,79.7,99273,0,0,638,99,8,652,40.397865,-89.247696,20120,1,5/13/2022,13:23:12
27.2,80.96,99427,0,0,640,99,8,744,40.397873,-89.247704,22613,1,5/13/2022,13:23:19
26.7,80.06,99392,0,0,644,112,6,867,40.397861,-89.247711,25126,1,5/13/2022,13:23:26
26.5,79.7,99390,0,0,650,100,8,228,40.397865,-89.247719,27652,2,5/13/2022,13:23:34
26.3,79.34,99385,0,0,655,100,8,407,40.397865,-89.247719,30183,2,5/13/2022,13:23:41
26.3,79.34,99391,0,0,659,100,8,496,40.397865,-89.247726,32716,2,5/13/2022,13:23:48
26.1,78.98,99393,0,0,669,100,8,589,40.397858,-89.247719,35275,2,5/13/2022,13:23:55
25.9,78.62,99412,0,0,662,100,8,681,40.397861,-89.247719,37834,2,5/13/2022,13:24:02
25.8,78.44,99412,0,0,663,90,9,763,40.397861,-89.247719,40402,2,5/13/2022,13:24:09
25.8,78.44,99408,0,0,662,90,9,902,40.397869,-89.247719,42972,2,5/13/2022,13:24:16
25.7,78.26,99361,0,0,658,90,9,262,40.397873,-89.247719,45542,4,5/13/2022,13:24:24
26,78.8,99429,0,0,659,90,9,419,40.397873,-89.247719,48142,4,5/13/2022,13:24:31
25.9,78.62,99458,0,0,659,90,9,510,40.397873,-89.247726,50708,4,5/13/2022,13:24:38
25.3,77.54,99322,0,0,658,90,9,611,40.397873,-89.247734,53276,4,5/13/2022,13:24:45
26,78.8,99453,0,0,657,90,9,706,40.397873,-89.247734,55840,4,5/13/2022,13:24:52
25.8,78.44,99353,298,0,652,90,9,793,40.397869,-89.247726,58414,4,5/13/2022,13:24:59
26.4,79.52,99471,298,0,648,90,9,953,40.397873,-89.247719,60975,5,5/13/2022,13:25:06
26.6,79.88,99480,298,0,653,90,10,305,40.397873,-89.247719,63577,6,5/13/2022,13:25:14
26.2,79.16,99228,245,0,655,87,11,427,40.397865,-89.247719,66187,6,5/13/2022,13:25:21
27.2,80.96,99445,245,0,656,85,11,522,40.397865,-89.247719,68923,6,5/13/2022,13:25:28
26.4,79.52,99227,216,1,655,95,10,599,40.397858,-89.247719,71563,6,5/13/2022,13:25:35
26.5,79.7,99200,318,0,658,104,8,707,40.397873,-89.247719,74563,6,5/13/2022,13:25:42
26.6,79.88,99221,318,0,653,129,6,922,40.397919,-89.247643,80208,7,5/13/2022,13:25:56
26.8,80.24,99249,318,0,654,473,4,294,40.397892,-89.24765,83381,8,5/13/2022,13:26:04
27,80.6,99243,318,0,647,128,7,525,40.397907,-89.247635,86575,8,5/13/2022,13:26:11
27,80.6,99226,1,0,647,141,5,629,40.397923,-89.247627,89768,8,5/13/2022,13:26:18
27,80.6,99217,1,0,647,177,6,718,40.397915,-89.247643,92852,8,5/13/2022,13:26:25
27.7,81.86,99475,1,0,659,90,9,801,40.397873,-89.247681,96010,8,5/13/2022,13:26:32
26.6,79.88,99255,1,0,658,157,6,176,40.397869,-89.247681,99149,9,5/13/2022,13:26:40
27,80.6,99474,1,0,653,452,4,431,40.397877,-89.247673,102262,10,5/13/2022,13:26:47
26.6,79.88,99474,0,0,647,232,6,273,40.397888,-89.247665,3153,2,5/13/2022,13:27:00
26,78.8,99473,0,0,646,175,6,120,40.397873,-89.247673,3153,1,5/13/2022,13:27:16
26,78.8,99468,0,0,645,889,7,449,40.397869,-89.247688,6312,1,5/13/2022,13:27:23
25.8,78.44,99477,0,0,645,146,7,552,40.397858,-89.247719,9444,1,5/13/2022,13:27:30
25.4,77.72,99242,250,0,629,163,8,683,40.397781,-89.247917,15633,1,5/13/2022,13:27:44
25.4,77.72,99236,251,0,625,175,7,777,40.397781,-89.247871,18849,1,5/13/2022,13:27:51
26.6,79.88,99460,251,0,630,122,8,921,40.3978,-89.247856,21889,2,5/13/2022,13:27:58
26,78.8,99214,194,0,637,154,8,282,40.397873,-89.247795,24893,2,5/13/2022,13:28:06
26.4,79.52,99208,194,0,638,95,10,500,40.397884,-89.247772,27511,2,5/13/2022,13:28:13
27,80.6,99214,194,0,646,86,11,593,40.397877,-89.247749,30093,2,5/13/2022,13:28:20
27.3,81.14,99380,194,0,648,91,10,685,40.397881,-89.247734,32679,2,5/13/2022,13:28:27
27.1,80.78,99459,121,0,649,86,11,778,40.397877,-89.247734,35321,2,5/13/2022,13:28:34
26.5,79.7,99176,121,0,648,86,11,923,40.397881,-89.247719,38229,3,5/13/2022,13:28:39
27,80.6,99184,121,0,646,86,11,290,40.397884,-89.247711,40976,4,5/13/2022,13:28:47
27.3,81.14,99288,173,0,647,86,11,450,40.397881,-89.247711,43721,4,5/13/2022,13:28:54
27.6,81.68,99486,209,0,648,91,10,546,40.397877,-89.247719,46472,4,5/13/2022,13:29:01
27,80.6,99491,209,0,646,98,9,643,40.397877,-89.247719,49209,4,5/13/2022,13:29:08
26.5,79.7,99489,209,0,645,86,11,733,40.397873,-89.247726,51952,4,5/13/2022,13:29:15
26.3,79.34,99489,209,0,644,86,11,856,40.397869,-89.247719,54695,4,5/13/2022,13:29:22
26.1,78.98,99483,209,0,642,86,11,215,40.397865,-89.247719,57436,5,5/13/2022,13:29:30
25.9,78.62,99488,209,0,643,86,11,449,40.397861,-89.247719,60189,5,5/13/2022,13:29:37
25.8,78.44,99475,209,0,643,86,11,543,40.397861,-89.247719,62942,5,5/13/2022,13:29:44
25.7,78.26,99487,209,0,643,97,10,643,40.397858,-89.247711,65693,5,5/13/2022,13:29:51
25.5,77.9,99489,209,0,640,97,10,734,40.397861,-89.247711,68436,5,5/13/2022,13:29:58
25.3,77.54,99480,209,0,638,86,11,857,40.397861,-89.247711,71187,5,5/13/2022,13:30:05
25.1,77.18,99485,209,0,638,86,11,219,40.397858,-89.247711,73937,6,5/13/2022,13:30:13
25.1,77.18,99494,209,0,639,86,11,454,40.397854,-89.247719,76690,6,5/13/2022,13:30:20
25,77,99486,209,0,639,86,11,548,40.397858,-89.247711,79445,6,5/13/2022,13:30:27
24.7,76.46,99377,209,0,641,93,10,658,40.397858,-89.247711,82200,6,5/13/2022,13:30:34
24.8,76.64,99382,209,0,639,96,11,751,40.397865,-89.247704,84951,6,5/13/2022,13:30:41
24.9,76.82,99375,209,0,642,86,11,880,40.397865,-89.247711,87714,6,5/13/2022,13:30:48
25,77,99368,209,0,643,86,11,240,40.397865,-89.247711,90477,7,5/13/2022,13:30:56
25,77,99268,263,0,642,88,10,458,40.397873,-89.247711,93240,7,5/13/2022,13:31:03
25.6,78.08,99453,242,0,645,86,11,560,40.397865,-89.247711,96003,7,5/13/2022,13:31:10
25.6,78.08,99437,242,0,647,86,11,650,40.397861,-89.247711,98766,7,5/13/2022,13:31:17
25.7,78.26,99438,242,0,645,86,11,746,40.397858,-89.247704,101405,7,5/13/2022,13:31:24
25.7,78.26,99415,348,0,644,88,10,877,40.397869,-89.247696,104021,7,5/13/2022,13:31:31
25.7,78.26,99408,348,0,642,86,11,240,40.397869,-89.247696,106637,8,5/13/2022,13:31:39
25.8,78.44,99436,348,0,645,86,11,433,40.397865,-89.247696,109217,8,5/13/2022,13:31:46
25.7,78.26,99432,348,0,644,86,11,530,40.397873,-89.247696,111787,8,5/13/2022,13:31:53
25.6,78.08,99424,348,0,645,97,10,627,40.397877,-89.247704,114373,8,5/13/2022,13:32:00
25.7,78.26,99448,348,0,647,92,9,726,40.397869,-89.247711,116937,8,5/13/2022,13:32:07
25.6,78.08,99426,348,0,650,87,11,814,40.397865,-89.247719,119505,8,5/13/2022,13:32:14
25.8,78.44,99447,348,0,649,92,9,178,40.397865,-89.247726,122210,9,5/13/2022,13:32:22
25.7,78.26,99442,307,0,649,92,9,446,40.397861,-89.247749,124941,9,5/13/2022,13:32:29
25.8,78.44,99447,286,0,638,89,10,538,40.397869,-89.247765,127674,9,5/13/2022,13:32:36
25.8,78.44,99447,286,0,647,93,9,632,40.397861,-89.247765,130408,9,5/13/2022,13:32:43
25.9,78.62,99459,209,0,659,92,9,724,40.39785,-89.247734,133160,9,5/13/2022,13:32:50
25.9,78.62,99447,209,0,666,89,10,845,40.397839,-89.247734,135875,9,5/13/2022,13:32:57
25.9,78.62,99446,209,0,663,89,10,236,40.397842,-89.247734,138594,10,5/13/2022,13:33:05
25.9,78.62,99447,209,0,653,89,10,445,40.397854,-89.247726,141337,10,5/13/2022,13:33:12
25.9,78.62,99444,234,0,651,92,9,545,40.397854,-89.247734,144086,10,5/13/2022,13:33:19
25.9,78.62,99448,234,0,650,89,10,637,40.397854,-89.247726,146819,10,5/13/2022,13:33:26
26,78.8,99451,234,0,651,89,10,742,40.39785,-89.247726,149542,10,5/13/2022,13:33:33
26,78.8,99446,234,0,645,89,10,868,40.397854,-89.247719,152265,10,5/13/2022,13:33:40
26.1,78.98,99452,234,0,648,89,10,264,40.397854,-89.247719,154982,11,5/13/2022,13:33:48
26.1,78.98,99456,234,0,649,92,10,458,40.397854,-89.247719,157747,11,5/13/2022,13:33:55
26.2,79.16,99461,234,0,647,92,9,553,40.397858,-89.247719,160517,11,5/13/2022,13:34:02
26.2,79.16,99462,234,0,648,105,8,652,40.397861,-89.247719,163291,11,5/13/2022,13:34:09
26.2,79.16,99463,234,0,648,92,9,747,40.397861,-89.247719,166075,11,5/13/2022,13:34:16
26.1,78.98,99465,234,0,646,92,9,880,40.397861,-89.247719,168849,11,5/13/2022,13:34:23
26,78.8,99462,234,0,645,89,10,243,40.397861,-89.247719,171618,12,5/13/2022,13:34:31
25.9,78.62,99469,234,0,648,92,9,472,40.397861,-89.247726,174394,12,5/13/2022,13:34:38
25.8,78.44,99469,234,0,650,92,9,565,40.397858,-89.247726,177162,12,5/13/2022,13:34:45
25.7,78.26,99468,234,0,647,89,10,657,40.397858,-89.247719,179948,12,5/13/2022,13:34:52
25.7,78.26,99472,234,0,654,89,10,754,40.397854,-89.247719,182736,12,5/13/2022,13:34:59
25.8,78.44,99477,234,0,659,92,9,906,40.39785,-89.247719,185451,12,5/13/2022,13:35:06
25.9,78.62,99478,234,0,656,92,9,271,40.397854,-89.247726,188161,13,5/13/2022,13:35:14
25.8,78.44,99482,234,0,656,89,10,450,40.39785,-89.247719,190870,13,5/13/2022,13:35:21
25.8,78.44,99469,234,0,656,89,10,547,40.397854,-89.247726,193587,13,5/13/2022,13:35:28
25.7,78.26,99474,234,0,655,92,9,646,40.397858,-89.247734,196300,13,5/13/2022,13:35:35
25.8,78.44,99485,234,0,658,92,9,748,40.397854,-89.247726,199011,13,5/13/2022,13:35:42
25.8,78.44,99470,234,0,658,93,9,875,40.397854,-89.247726,201714,13,5/13/2022,13:35:49
25.8,78.44,99475,234,0,659,93,9,247,40.397854,-89.247726,204423,14,5/13/2022,13:35:57
25.9,78.62,99466,234,0,659,93,9,453,40.397854,-89.247726,207136,14,5/13/2022,13:36:04
25.9,78.62,99469,234,0,658,93,9,541,40.397854,-89.247726,209914,14,5/13/2022,13:36:11
25.9,78.62,99460,234,0,657,93,9,634,40.397854,-89.247726,212692,14,5/13/2022,13:36:18
26,78.8,99479,234,0,661,93,9,735,40.39785,-89.247726,215430,14,5/13/2022,13:36:25
26,78.8,99464,234,0,662,93,9,858,40.39785,-89.247734,218131,14,5/13/2022,13:36:32
26.1,78.98,99491,234,0,660,93,9,227,40.39785,-89.247734,220894,14,5/13/2022,13:36:40
26.1,78.98,99470,234,0,658,93,9,458,40.397854,-89.247742,223662,14,5/13/2022,13:36:47
26,78.8,99465,234,0,659,105,8,550,40.39785,-89.247734,226430,14,5/13/2022,13:36:54
26.1,78.98,99470,234,0,659,105,8,652,40.39785,-89.247742,229198,14,5/13/2022,13:37:01
26,78.8,99467,234,0,657,105,8,748,40.397854,-89.247749,231956,14,5/13/2022,13:37:08
26.1,78.98,99485,234,0,661,105,8,881,40.397846,-89.247749,234714,14,5/13/2022,13:37:15
26,78.8,99476,234,0,663,105,8,249,40.397846,-89.247742,237475,15,5/13/2022,13:37:23
26,78.8,99470,234,0,665,105,8,447,40.39785,-89.247749,240168,15,5/13/2022,13:37:30
26,78.8,99471,234,0,668,105,8,546,40.397846,-89.247749,242861,15,5/13/2022,13:37:37
26,78.8,99477,234,0,664,105,8,643,40.397842,-89.247734,245554,15,5/13/2022,13:37:44
26.1,78.98,99483,234,0,668,105,8,739,40.397839,-89.247719,248247,15,5/13/2022,13:37:51
26.1,78.98,99473,234,0,665,105,8,859,40.397846,-89.247726,250940,15,5/13/2022,13:37:58
26,78.8,99472,234,0,660,105,8,232,40.39785,-89.247719,253647,16,5/13/2022,13:38:06
26,78.8,99462,180,0,653,105,8,446,40.397854,-89.247719,256352,16,5/13/2022,13:38:13
26,78.8,99470,180,0,648,105,8,547,40.397861,-89.247726,259045,16,5/13/2022,13:38:20
25.9,78.62,99462,180,0,643,105,8,642,40.397865,-89.247726,261738,16,5/13/2022,13:38:27
26,78.8,99465,180,0,639,105,8,738,40.397869,-89.247726,264470,16,5/13/2022,13:38:34
25.9,78.62,99468,180,0,638,105,8,865,40.397869,-89.247726,267228,16,5/13/2022,13:38:41
25.9,78.62,99467,180,0,637,105,8,235,40.397869,-89.247726,269988,17,5/13/2022,13:38:49
25.8,78.44,99441,180,0,636,113,7,462,40.397877,-89.247719,272731,17,5/13/2022,13:38:56
25.6,78.08,99403,80,2,637,105,8,544,40.397888,-89.247681,275472,17,5/13/2022,13:39:03
25.7,78.26,99431,60,0,631,105,8,650,40.397919,-89.247635,278292,17,5/13/2022,13:39:10
25.7,78.26,99430,60,0,629,105,8,746,40.397926,-89.247635,281100,17,5/13/2022,13:39:17
25.7,78.26,99395,330,1,632,105,8,875,40.397964,-89.247665,283928,17,5/13/2022,13:39:24
25.9,78.62,99458,330,0,632,105,8,242,40.397972,-89.247696,286725,18,5/13/2022,13:39:32
25.7,78.26,99456,128,1,630,105,8,465,40.397934,-89.247658,289559,18,5/13/2022,13:39:39
25.7,78.26,99464,128,0,625,105,8,559,40.397919,-89.247635,292357,18,5/13/2022,13:39:46
25.6,78.08,99465,128,0,631,105,8,657,40.397915,-89.247635,295145,18,5/13/2022,13:39:53
25.6,78.08,99467,128,0,632,105,8,756,40.397915,-89.247635,297933,18,5/13/2022,13:40:00
25.7,78.26,99464,128,0,635,103,9,895,40.397911,-89.247635,300756,18,5/13/2022,13:40:07
25.6,78.08,99461,128,0,631,103,9,291,40.397911,-89.247635,303581,19,5/13/2022,13:40:15
25.6,78.08,99462,128,0,629,103,9,480,40.397915,-89.247627,306408,19,5/13/2022,13:40:22
25.6,78.08,99463,128,0,626,103,9,574,40.397919,-89.247627,309231,19,5/13/2022,13:40:29
25.6,78.08,99456,128,0,626,103,9,669,40.397919,-89.247635,312054,19,5/13/2022,13:40:36
25.5,77.9,99466,128,0,625,103,9,765,40.397923,-89.247627,314877,19,5/13/2022,13:40:43
25.6,78.08,99464,128,0,623,103,9,924,40.39793,-89.247627,317706,20,5/13/2022,13:40:50
25.6,78.08,99466,128,0,625,103,9,293,40.39793,-89.24762,320534,21,5/13/2022,13:40:58
25.6,78.08,99470,128,0,626,103,9,478,40.39793,-89.24762,323357,21,5/13/2022,13:41:05
25.6,78.08,99458,128,0,629,103,9,573,40.397926,-89.247627,326180,21,5/13/2022,13:41:12
25.6,78.08,99459,128,0,629,103,9,668,40.397926,-89.247627,329058,21,5/13/2022,13:41:19
25.5,77.9,99471,128,0,631,103,9,763,40.397923,-89.247627,331936,21,5/13/2022,13:41:26
25.5,77.9,99468,128,0,630,103,9,912,40.397923,-89.247627,334816,22,5/13/2022,13:41:33
25.6,78.08,99469,128,0,631,103,9,281,40.397926,-89.247627,337693,23,5/13/2022,13:41:41
25.5,77.9,99469,128,0,631,103,9,486,40.397923,-89.247627,340571,23,5/13/2022,13:41:48
25.5,77.9,99464,128,0,634,103,9,583,40.397923,-89.247627,343449,23,5/13/2022,13:41:55
25.6,78.08,99460,128,0,633,103,9,680,40.397923,-89.247627,346327,23,5/13/2022,13:42:02
25.6,78.08,99471,128,0,632,103,9,783,40.397923,-89.247635,349213,23,5/13/2022,13:42:09
25.6,78.08,99468,128,0,631,103,9,926,40.397926,-89.247627,352096,24,5/13/2022,13:42:16
25.6,78.08,99463,128,0,632,103,9,293,40.397923,-89.247627,354973,24,5/13/2022,13:42:24
25.6,78.08,99467,128,0,632,103,9,491,40.397923,-89.247627,357851,24,5/13/2022,13:42:31
25.7,78.26,99463,128,0,632,103,9,587,40.397923,-89.247627,360729,24,5/13/2022,13:42:38
25.6,78.08,99467,128,0,631,103,9,684,40.397926,-89.247635,363607,24,5/13/2022,13:42:45
25.6,78.08,99473,128,0,632,103,9,783,40.397926,-89.247635,366485,24,5/13/2022,13:42:52
25.6,78.08,99467,128,0,631,103,9,931,40.397926,-89.247635,369365,25,5/13/2022,13:42:59
25.5,77.9,99471,128,0,632,103,9,300,40.397923,-89.247635,372245,26,5/13/2022,13:43:07
25.6,78.08,99473,128,0,633,102,9,488,40.397923,-89.247635,375125,26,5/13/2022,13:43:14
25.6,78.08,99472,128,0,633,102,9,584,40.397919,-89.247635,378003,26,5/13/2022,13:43:21
25.6,78.08,99469,128,0,633,102,9,682,40.397919,-89.247635,380881,26,5/13/2022,13:43:28
25.6,78.08,99468,128,0,634,102,9,781,40.397919,-89.247635,383759,26,5/13/2022,13:43:35
25.6,78.08,99469,128,0,633,102,9,925,40.397923,-89.247627,386637,27,5/13/2022,13:43:42
25.5,77.9,99475,128,0,634,102,9,291,40.397923,-89.247627,389515,28,5/13/2022,13:43:50
25.6,78.08,99476,128,0,633,102,9,488,40.397926,-89.247627,392393,28,5/13/2022,13:43:57
25.6,78.08,99484,128,0,631,82,10,588,40.39793,-89.247627,395273,28,5/13/2022,13:44:04
25.6,78.08,99477,128,0,629,82,10,686,40.39793,-89.247627,398161,28,5/13/2022,13:44:11
25.6,78.08,99487,128,0,629,82,10,784,40.397923,-89.247627,401049,28,5/13/2022,13:44:18
25.6,78.08,99490,128,0,628,82,10,926,40.397923,-89.247627,403939,29,5/13/2022,13:44:25
25.5,77.9,99484,128,0,628,91,9,298,40.397926,-89.247627,406832,30,5/13/2022,13:44:33
25.5,77.9,99483,128,0,628,82,10,486,40.397923,-89.247627,409718,30,5/13/2022,13:44:40
25.5,77.9,99485,128,0,628,82,10,586,40.397923,-89.247627,412606,30,5/13/2022,13:44:47
25.5,77.9,99479,128,0,640,82,10,674,40.397919,-89.247635,415504,30,5/13/2022,13:44:54
25.4,77.72,99458,128,0,654,82,10,769,40.397903,-89.247643,418402,30,5/13/2022,13:45:01
24.8,76.64,99398,128,0,661,93,9,922,40.397896,-89.247643,421290,31,5/13/2022,13:45:08
24.8,76.64,99375,128,0,667,93,9,293,40.397884,-89.247635,424175,31,5/13/2022,13:45:16
25.2,77.36,99465,321,1,665,82,10,476,40.397907,-89.247643,427089,31,5/13/2022,13:45:23
25.2,77.36,99446,321,0,660,82,10,584,40.397934,-89.247665,429977,31,5/13/2022,13:45:30
25,77,99384,321,0,652,82,10,683,40.397942,-89.247673,432865,31,5/13/2022,13:45:37
25.3,77.54,99385,321,0,654,82,10,777,40.397942,-89.247673,435767,31,5/13/2022,13:45:44
25.2,77.36,99040,26,8,739,82,10,909,40.398109,-89.247627,438745,32,5/13/2022,13:45:51
24.7,76.46,98526,15,15,898,82,10,277,40.398506,-89.247635,441735,33,5/13/2022,13:45:59
24.9,76.82,98201,18,17,1000,82,10,504,40.399021,-89.247543,444714,33,5/13/2022,13:46:06
24.6,76.28,97742,1,5,1112,82,10,608,40.399338,-89.247383,447687,33,5/13/2022,13:46:13
24.3,75.74,97274,357,14,1237,82,10,696,40.399658,-89.247238,450654,33,5/13/2022,13:46:20
22.9,73.22,96404,8,15,1389,82,10,799,40.40012,-89.247108,453633,33,5/13/2022,13:46:27
24.7,76.46,96346,26,19,1554,82,10,115,40.4007,-89.246826,456619,34,5/13/2022,13:46:35
24.8,76.64,95859,17,23,1691,86,9,467,40.401367,-89.24649,459600,34,5/13/2022,13:46:42
24.5,76.1,95398,33,15,1804,82,10,562,40.401909,-89.246307,462563,34,5/13/2022,13:46:49
24.9,76.82,95030,27,24,1943,82,10,657,40.402477,-89.245888,465532,34,5/13/2022,13:46:56
24.7,76.46,94609,13,17,2059,82,10,755,40.403149,-89.24559,468503,34,5/13/2022,13:47:03
25.2,77.36,94284,31,22,2162,82,10,904,40.403801,-89.245316,471483,35,5/13/2022,13:47:10
24.9,76.82,93784,20,15,2293,82,10,304,40.404331,-89.244827,474450,35,5/13/2022,13:47:18
25.5,77.9,93460,43,19,2409,103,8,495,40.404736,-89.244469,477409,35,5/13/2022,13:47:25
24.3,75.74,92709,26,18,2540,86,9,596,40.405331,-89.244049,480370,35,5/13/2022,13:47:32
25.7,78.26,92488,45,18,2687,86,9,690,40.405743,-89.243683,483325,35,5/13/2022,13:47:39
24.5,76.1,91885,18,21,2834,103,9,788,40.406284,-89.243286,486280,35,5/13/2022,13:47:46
25.2,77.36,91648,35,12,2948,86,9,185,40.406796,-89.243118,489232,36,5/13/2022,13:47:54
25.8,78.44,91289,30,17,3078,86,9,431,40.407108,-89.242722,492183,37,5/13/2022,13:48:01
25.9,78.62,90926,23,18,3188,86,9,529,40.407627,-89.242462,495136,37,5/13/2022,13:48:08
25.1,77.18,90114,26,7,3306,86,9,628,40.408016,-89.24231,498089,37,5/13/2022,13:48:15
26.3,79.34,90137,44,13,3422,86,9,719,40.408211,-89.241982,501043,37,5/13/2022,13:48:22
25.9,78.62,89772,48,14,3520,86,9,845,40.408451,-89.241486,504001,37,5/13/2022,13:48:29
25.8,78.44,89465,60,17,3644,86,9,244,40.408806,-89.240799,506967,38,5/13/2022,13:48:37
24.3,75.74,88710,32,9,3755,86,9,486,40.409153,-89.240425,509919,38,5/13/2022,13:48:44
26,78.8,88736,62,13,3870,86,9,583,40.409302,-89.240089,512883,38,5/13/2022,13:48:51
25.9,78.62,88410,50,14,3971,86,9,678,40.409603,-89.239555,515847,38,5/13/2022,13:48:58
24,75.2,87489,26,5,4107,86,9,781,40.409767,-89.23925,518795,38,5/13/2022,13:49:05
25.9,78.62,87602,50,14,4229,86,9,928,40.41011,-89.239014,521757,39,5/13/2022,13:49:12
26,78.8,87213,76,3,4357,86,9,297,40.41021,-89.238663,524707,40,5/13/2022,13:49:20
25.6,78.08,86767,26,10,4468,86,9,488,40.410416,-89.238579,527653,40,5/13/2022,13:49:27
26.1,78.98,86574,67,7,4569,86,9,590,40.410618,-89.238197,530607,40,5/13/2022,13:49:34
25,77,85836,52,1,4673,86,9,684,40.410633,-89.238045,533550,40,5/13/2022,13:49:41
26.1,78.98,85869,42,8,4793,86,9,777,40.410851,-89.237923,536506,40,5/13/2022,13:49:48
26.2,79.16,85539,109,5,4906,86,9,927,40.410851,-89.23764,539476,41,5/13/2022,13:49:55
24.7,76.46,84840,10,6,5027,86,9,302,40.410927,-89.237541,542436,41,5/13/2022,13:50:03
26.7,80.06,84796,103,5,5143,86,9,487,40.410973,-89.237457,545388,41,5/13/2022,13:50:10
26.4,79.52,84554,90,11,5250,86,9,584,40.410915,-89.237038,548352,41,5/13/2022,13:50:17
24.6,76.28,83755,52,1,5363,86,9,683,40.41103,-89.236771,551297,41,5/13/2022,13:50:24
27,80.6,83875,132,7,5460,86,9,777,40.410954,-89.236671,554254,41,5/13/2022,13:50:31
26.4,79.52,83567,88,11,5570,86,9,956,40.410904,-89.236259,557214,42,5/13/2022,13:50:38
25.9,78.62,83223,100,10,5693,86,9,321,40.410854,-89.235649,560177,43,5/13/2022,13:50:46
25.6,78.08,82898,84,12,5805,86,9,498,40.410839,-89.235107,563135,43,5/13/2022,13:50:53
24.2,75.56,82108,121,4,5912,86,9,595,40.410851,-89.23484,566083,43,5/13/2022,13:51:00
26.3,79.34,82226,133,12,6028,86,9,688,40.410686,-89.234642,569044,43,5/13/2022,13:51:07
25.2,77.36,81828,78,8,6154,86,9,823,40.410595,-89.234222,572002,43,5/13/2022,13:51:14
25.4,77.72,81445,132,12,6298,86,9,187,40.410477,-89.233971,574957,44,5/13/2022,13:51:22
24.9,76.82,81163,79,12,6398,86,9,486,40.410442,-89.233513,577911,44,5/13/2022,13:51:29
22.7,72.86,80375,112,4,6503,86,9,587,40.410503,-89.233238,580857,44,5/13/2022,13:51:36
22.6,72.68,79927,151,7,6642,86,9,682,40.410339,-89.232994,583815,44,5/13/2022,13:51:43
23.8,74.84,80034,138,4,6754,86,9,780,40.410095,-89.232773,586775,44,5/13/2022,13:51:50
21.8,71.24,79476,70,10,6892,86,9,952,40.41008,-89.232414,589741,45,5/13/2022,13:51:57
22.3,72.14,79428,144,8,7007,86,9,319,40.409927,-89.231972,592719,46,5/13/2022,13:52:05
22.6,72.68,79106,156,3,7105,86,9,495,40.409786,-89.231888,595674,46,5/13/2022,13:52:12
23,73.4,78798,129,11,7215,86,9,590,40.409565,-89.23175,598638,46,5/13/2022,13:52:19
22.3,72.14,78432,101,2,7317,86,9,697,40.409489,-89.231422,601596,46,5/13/2022,13:52:26
20.9,69.62,77609,181,7,7415,86,9,794,40.409359,-89.231415,604553,46,5/13/2022,13:52:33
23.1,73.58,77919,97,7,7536,86,9,98,40.409138,-89.231087,607519,47,5/13/2022,13:52:41
22.8,73.04,77544,201,5,7644,86,9,433,40.409027,-89.231064,610483,48,5/13/2022,13:52:48
19.3,66.74,76533,130,4,7757,86,9,530,40.408787,-89.230934,613446,48,5/13/2022,13:52:55
19.5,67.1,76389,208,7,7886,86,9,627,40.408615,-89.230949,616403,48,5/13/2022,13:53:02
20.8,69.44,76543,163,8,8003,86,9,727,40.408356,-89.230957,619361,48,5/13/2022,13:53:09
19.5,67.1,75825,154,2,8154,86,9,852,40.40823,-89.230728,622312,48,5/13/2022,13:53:16
17.9,64.22,75306,180,10,8282,86,9,222,40.408035,-89.230843,625269,48,5/13/2022,13:53:24
17.8,64.04,74930,124,11,8415,86,9,481,40.407734,-89.23069,628237,48,5/13/2022,13:53:31
18.4,65.12,74794,208,5,8527,86,9,588,40.407665,-89.230598,631187,48,5/13/2022,13:53:38
20.7,69.26,74863,171,11,8626,86,9,685,40.407383,-89.230682,634161,48,5/13/2022,13:53:45
20.1,68.18,74502,125,2,8757,86,9,792,40.40715,-89.230515,637128,48,5/13/2022,13:53:52
18.4,65.12,73583,180,11,8872,86,9,149,40.406971,-89.230591,640091,49,5/13/2022,13:54:00
20.2,68.36,73814,148,10,9004,86,9,394,40.406605,-89.230446,643058,50,5/13/2022,13:54:07
19.9,67.82,73466,139,4,9136,86,9,504,40.406498,-89.230309,646011,50,5/13/2022,13:54:14
19.6,67.28,73132,207,7,9254,86,9,607,40.406296,-89.230553,648975,50,5/13/2022,13:54:21
17.8,64.04,72497,172,7,9362,86,9,708,40.405952,-89.230576,651939,50,5/13/2022,13:54:28
17.9,64.22,72282,242,8,9478,86,9,802,40.40583,-89.230652,654884,50,5/13/2022,13:54:35
18,64.4,71893,244,9,9601,86,9,170,40.405731,-89.231018,657842,51,5/13/2022,13:54:43
18.5,65.3,71490,254,8,9707,86,9,484,40.405598,-89.231415,660806,51,5/13/2022,13:54:50
17.8,64.04,71020,278,9,9825,80,10,579,40.405613,-89.231758,663768,51,5/13/2022,13:54:57
20,68,71292,226,4,9951,80,10,677,40.40559,-89.231941,666731,51,5/13/2022,13:55:04
16.4,61.52,70234,270,16,10096,80,10,772,40.405502,-89.232315,669711,51,5/13/2022,13:55:11
20.1,68.18,70641,277,9,10195,80,10,922,40.405537,-89.232819,672700,52,5/13/2022,13:55:18
19,66.2,69937,233,12,10319,80,10,298,40.405422,-89.233459,675694,53,5/13/2022,13:55:26
19.8,67.64,69984,281,9,10452,80,10,482,40.40535,-89.23378,678597,53,5/13/2022,13:55:33
18.3,64.94,69223,269,17,10569,80,10,583,40.405399,-89.23439,681510,53,5/13/2022,13:55:40
20.6,69.08,69460,297,9,10666,80,10,684,40.405495,-89.234924,684421,53,5/13/2022,13:55:47
20.2,68.36,69203,289,6,10760,80,10,781,40.405609,-89.235229,687324,53,5/13/2022,13:55:54
19.5,67.1,68897,299,5,10873,80,10,98,40.405571,-89.235565,690233,53,5/13/2022,13:56:02
19.2,66.56,68597,294,12,11001,80,10,341,40.405754,-89.235901,693142,54,5/13/2022,13:56:09
18.7,65.66,68301,291,4,11125,80,10,501,40.405785,-89.236198,696052,54,5/13/2022,13:56:16
14.9,58.82,67500,310,8,11241,80,10,599,40.405865,-89.236603,698973,54,5/13/2022,13:56:23
17.5,63.5,67731,309,7,11337,80,10,696,40.406029,-89.236839,701878,54,5/13/2022,13:56:30
17.2,62.96,67494,326,6,11440,80,10,795,40.406174,-89.237038,704789,54,5/13/2022,13:56:37
16.2,61.16,66910,275,14,11549,80,10,96,40.406368,-89.237549,707731,55,5/13/2022,13:56:45
18.6,65.48,67046,263,9,11623,80,10,426,40.406357,-89.238129,710652,56,5/13/2022,13:56:52
17.6,63.68,66784,289,8,11722,80,10,524,40.406448,-89.238457,713565,56,5/13/2022,13:56:59
17.4,63.32,66553,322,10,11815,80,10,620,40.406605,-89.23864,716479,56,5/13/2022,13:57:06
17.6,63.68,66302,290,16,11919,80,10,723,40.406845,-89.239189,719400,56,5/13/2022,13:57:13
16.7,62.06,65975,316,11,12023,80,10,853,40.406979,-89.239693,722309,56,5/13/2022,13:57:20
13.9,57.02,65127,281,19,12178,80,10,225,40.407211,-89.240295,725224,57,5/13/2022,13:57:28
17.2,62.96,65433,319,11,12271,80,10,481,40.407478,-89.240837,728149,57,5/13/2022,13:57:35
16.8,62.24,65249,319,6,12348,80,10,580,40.407719,-89.241013,731072,57,5/13/2022,13:57:42
15,59,64571,283,13,12437,80,10,679,40.407825,-89.24131,733997,57,5/13/2022,13:57:49
14.3,57.74,64024,308,16,12520,80,10,776,40.408047,-89.24189,736920,57,5/13/2022,13:57:56
17.6,63.68,64565,309,9,12616,80,10,942,40.408344,-89.24231,739836,58,5/13/2022,13:58:03
16.3,61.34,64295,287,20,12756,80,10,339,40.408535,-89.242958,742748,60,5/13/2022,13:58:11
15.8,60.44,64048,271,11,12842,80,10,486,40.408695,-89.243568,745663,60,5/13/2022,13:58:18
15.8,60.44,63749,311,11,12954,80,10,587,40.408798,-89.243919,748578,60,5/13/2022,13:58:25
13.9,57.02,63432,280,14,13086,80,10,684,40.408997,-89.244514,751501,60,5/13/2022,13:58:32
14.3,57.74,63119,329,15,13224,80,10,786,40.409191,-89.244896,754422,60,5/13/2022,13:58:39
11.7,53.06,62389,325,10,13306,80,10,186,40.409653,-89.245239,757355,61,5/13/2022,13:58:47
13.4,56.12,62623,288,17,13431,80,10,400,40.409843,-89.245682,760274,61,5/13/2022,13:58:54
8.8,47.84,61571,311,12,13566,80,10,497,40.410149,-89.246201,763195,61,5/13/2022,13:59:01
11.9,53.42,61670,292,16,13669,80,10,602,40.410282,-89.246674,766112,61,5/13/2022,13:59:08
14.4,57.92,61873,325,21,13759,80,10,704,40.410744,-89.247246,769025,61,5/13/2022,13:59:15
14.6,58.28,61660,329,21,13833,80,10,819,40.411331,-89.247719,771936,61,5/13/2022,13:59:22
13.1,55.58,61030,314,21,13936,80,10,220,40.411991,-89.248314,774860,62,5/13/2022,13:59:30
15.6,60.08,61254,311,13,14025,80,10,479,40.412319,-89.24894,777785,62,5/13/2022,13:59:37
13.8,56.84,60800,331,20,14117,80,10,582,40.412762,-89.249268,780708,62,5/13/2022,13:59:44
13.9,57.02,60351,304,19,14213,80,10,675,40.413277,-89.249847,783629,62,5/13/2022,13:59:51
15.6,60.08,60598,329,13,14309,80,10,776,40.413593,-89.25029,786542,62,5/13/2022,13:59:58
15.2,59.36,60410,342,17,14391,80,10,95,40.414104,-89.250534,789469,63,5/13/2022,14:00:06
13,55.4,59679,325,23,14495,80,10,342,40.414726,-89.250969,792398,64,5/13/2022,14:00:13
13.7,56.66,59351,311,19,14585,80,10,487,40.415215,-89.251595,795323,64,5/13/2022,14:00:20
15.8,60.44,59703,337,20,14692,80,10,587,40.415665,-89.251991,798240,64,5/13/2022,14:00:27
12.9,55.22,58948,324,23,14830,80,10,687,40.416298,-89.252541,801163,64,5/13/2022,14:00:34
14.5,58.1,58809,315,25,14922,80,10,792,40.416943,-89.253365,804086,64,5/13/2022,14:00:41
15.8,60.44,58733,309,19,15043,80,10,125,40.417496,-89.254204,807002,65,5/13/2022,14:00:49
16.1,60.98,58664,323,26,15157,80,10,446,40.418037,-89.25473,809919,65,5/13/2022,14:00:56
16,60.8,58427,329,20,15265,80,10,547,40.418728,-89.255226,812848,65,5/13/2022,14:01:03
13.3,55.94,57696,302,20,15381,80,10,645,40.419155,-89.25576,815761,65,5/13/2022,14:01:10
16.1,60.98,57857,308,18,15490,80,10,758,40.419567,-89.256485,818674,65,5/13/2022,14:01:17
15.5,59.9,57666,335,17,15603,80,10,906,40.420033,-89.256851,821596,66,5/13/2022,14:01:24
11.7,53.06,56715,319,23,15730,80,10,283,40.420708,-89.257332,824522,67,5/13/2022,14:01:32
12.4,54.32,56438,305,25,15860,80,10,484,40.421143,-89.258133,827439,67,5/13/2022,14:01:39
13.7,56.66,56722,311,15,16025,80,10,582,40.421631,-89.258804,830348,67,5/13/2022,14:01:46
11.9,53.42,55914,300,22,16167,82,9,686,40.421921,-89.259499,833261,67,5/13/2022,14:01:53
13.9,57.02,56077,331,15,16323,80,10,786,40.422405,-89.260117,836158,67,5/13/2022,14:02:00
11.5,52.7,55492,311,24,16450,80,10,140,40.423088,-89.260803,839017,67,5/13/2022,14:02:08
12.4,54.32,55538,318,15,16587,80,10,378,40.423466,-89.261444,841876,68,5/13/2022,14:02:15
12.4,54.32,55265,328,19,16711,80,10,477,40.423901,-89.261864,844724,68,5/13/2022,14:02:22
10.4,50.72,54508,320,25,16852,80,10,577,40.424541,-89.262398,847572,68,5/13/2022,14:02:29
13.4,56.12,54703,321,19,16963,80,10,681,40.425106,-89.263092,850430,68,5/13/2022,14:02:36
11.8,53.24,54415,331,26,17109,80,10,778,40.425697,-89.263451,853298,68,5/13/2022,14:02:43
9.1,48.38,53618,315,21,17213,80,10,90,40.426411,-89.264252,856161,68,5/13/2022,14:02:51
12.3,54.14,53933,336,19,17349,80,10,338,40.426872,-89.264648,859007,69,5/13/2022,14:02:58
11.9,53.42,53716,336,25,17449,80,10,475,40.427567,-89.264969,861861,69,5/13/2022,14:03:05
11.4,52.52,53420,349,22,17582,80,10,578,40.428326,-89.265327,864709,69,5/13/2022,14:03:12
11.2,52.16,53183,349,21,17698,80,10,677,40.42894,-89.265457,867557,69,5/13/2022,14:03:19
9.7,49.46,52518,342,28,17815,80,10,776,40.429722,-89.265869,870405,69,5/13/2022,14:03:26
8.6,47.48,52089,335,21,17950,80,10,932,40.43042,-89.266312,873264,70,5/13/2022,14:03:33
11.1,51.98,52378,352,22,18098,80,10,304,40.431019,-89.266571,876125,70,5/13/2022,14:03:41
9.3,48.74,52150,322,23,18210,80,10,472,40.431755,-89.266975,878975,70,5/13/2022,14:03:48
8.2,46.76,51877,333,16,18306,80,10,563,40.43227,-89.267426,881831,70,5/13/2022,14:03:55
8.3,46.94,51674,350,22,18403,80,10,673,40.432888,-89.267578,884689,70,5/13/2022,14:04:02
6.3,43.34,51131,349,26,18503,80,10,773,40.43367,-89.267746,887537,70,5/13/2022,14:04:09
5.6,42.08,50738,325,19,18618,80,10,925,40.434364,-89.268211,890403,71,5/13/2022,14:04:16
8.7,47.66,51118,324,25,18722,80,10,297,40.434975,-89.268776,893272,72,5/13/2022,14:04:24
9.1,48.38,50915,345,26,18823,80,10,479,40.435776,-89.269196,896120,72,5/13/2022,14:04:31
8.2,46.76,50771,336,22,18902,80,10,576,40.436539,-89.269638,898968,72,5/13/2022,14:04:38
7.6,45.68,50621,336,24,18979,80,10,675,40.437252,-89.269997,901816,72,5/13/2022,14:04:45
5.4,41.72,50026,345,23,19056,80,10,773,40.437927,-89.270317,904666,72,5/13/2022,14:04:52
7.4,45.32,50125,352,18,19134,80,10,923,40.438606,-89.270607,907522,73,5/13/2022,14:04:59
8.4,47.12,50135,327,18,19222,80,10,328,40.439331,-89.270973,910372,74,5/13/2022,14:05:07
5.7,42.26,49359,333,21,19304,80,10,473,40.440014,-89.271278,913224,74,5/13/2022,14:05:14
4.1,39.38,48974,340,28,19383,80,10,572,40.440754,-89.271576,916082,74,5/13/2022,14:05:21
7.4,45.32,49659,355,27,19466,80,10,670,40.441517,-89.271904,918940,74,5/13/2022,14:05:28
7.1,44.78,49491,2,23,19550,80,10,774,40.442287,-89.272179,921794,74,5/13/2022,14:05:35
6.6,43.88,49288,350,20,19646,80,10,923,40.443039,-89.272491,924654,75,5/13/2022,14:05:42
5.6,42.08,49054,325,32,19785,80,10,296,40.443855,-89.273109,927513,76,5/13/2022,14:05:50
-2.7,27.14,47247,342,35,19889,80,10,471,40.444862,-89.273628,930361,76,5/13/2022,14:05:57
4,39.2,48239,328,31,19997,80,10,571,40.445827,-89.274208,933217,76,5/13/2022,14:06:04
7.2,44.96,48453,343,23,20091,80,10,669,40.446583,-89.27475,936065,76,5/13/2022,14:06:11
6.1,42.98,48298,335,25,20166,80,10,780,40.447342,-89.27507,938913,76,5/13/2022,14:06:18
6.7,44.06,48172,342,24,20237,80,10,929,40.448147,-89.27552,941768,77,5/13/2022,14:06:25
-6.7,19.94,47208,332,30,20316,80,10,302,40.449112,-89.27607,944630,78,5/13/2022,14:06:33
5.6,42.08,47872,343,31,20392,80,10,472,40.449936,-89.276497,947478,78,5/13/2022,14:06:40
5.1,41.18,47725,352,30,20477,80,10,571,40.450787,-89.276909,950328,78,5/13/2022,14:06:47
4.7,40.46,47517,358,26,20573,80,10,671,40.451584,-89.277229,953184,78,5/13/2022,14:06:54
4.6,40.28,47311,352,20,20690,80,10,771,40.45224,-89.277527,956032,78,5/13/2022,14:07:01
4.2,39.56,47093,330,23,20795,80,10,923,40.453045,-89.277809,958884,79,5/13/2022,14:07:08
3.9,39.02,46885,2,23,20929,80,10,301,40.453892,-89.277916,961726,79,5/13/2022,14:07:16
1.3,34.34,46166,357,28,21066,80,10,465,40.454655,-89.277977,964574,79,5/13/2022,14:07:23
4.4,39.92,46297,333,22,21214,80,10,564,40.455391,-89.278389,967432,79,5/13/2022,14:07:30
4.5,40.1,46126,359,22,21328,80,10,665,40.456036,-89.278542,970268,79,5/13/2022,14:07:37
3.9,39.02,45893,347,29,21450,80,10,765,40.456848,-89.278603,973112,79,5/13/2022,14:07:44
1.9,35.42,45672,334,21,21571,80,10,915,40.457611,-89.279015,975956,80,5/13/2022,14:07:51
2.3,36.14,45457,359,24,21701,80,10,290,40.458336,-89.279137,978791,81,5/13/2022,14:07:59
-5.6,21.92,43854,344,28,21800,80,10,470,40.459206,-89.279251,981639,81,5/13/2022,14:08:06
3.4,38.12,45068,348,18,21909,80,10,574,40.459873,-89.279442,984487,81,5/13/2022,14:08:13
-0.6,30.92,44135,344,28,22001,80,10,673,40.460552,-89.279716,987345,81,5/13/2022,14:08:20
2.1,35.78,44713,337,23,22090,80,10,776,40.461296,-89.279922,990189,81,5/13/2022,14:08:27
-0.8,30.56,43847,351,21,22188,80,10,925,40.461998,-89.280159,993042,82,5/13/2022,14:08:34
2.7,36.86,44189,10,27,22324,80,10,305,40.462864,-89.280258,995895,83,5/13/2022,14:08:42
1.6,34.88,43921,16,19,22472,80,10,471,40.463669,-89.280205,998739,83,5/13/2022,14:08:49
2.6,36.68,43830,3,14,22604,80,10,580,40.464256,-89.280113,1001573,83,5/13/2022,14:08:56
-2,28.4,42870,345,26,22731,80,10,670,40.464973,-89.280113,1004411,83,5/13/2022,14:09:03
1.6,34.88,43329,347,20,22876,80,10,771,40.465801,-89.280258,1007259,83,5/13/2022,14:09:10
0.8,33.44,43089,23,26,23023,80,10,925,40.466381,-89.280045,1010102,84,5/13/2022,14:09:17
-1,30.2,42391,1,23,23166,80,10,305,40.467304,-89.279739,1012941,84,5/13/2022,14:09:25
2.9,37.22,42644,22,15,23283,80,10,468,40.467899,-89.279678,1015777,84,5/13/2022,14:09:32
2.2,35.96,42457,31,24,23392,80,10,568,40.468475,-89.279221,1018615,84,5/13/2022,14:09:39
2.1,35.78,42279,24,27,23489,80,10,666,40.469231,-89.278671,1021453,84,5/13/2022,14:09:46
-0.1,31.82,41629,13,23,23588,80,10,767,40.470036,-89.278358,1024291,84,5/13/2022,14:09:53
3.3,37.94,41920,27,16,23699,80,10,919,40.470585,-89.278122,1027135,85,5/13/2022,14:10:00
2.8,37.04,41751,41,19,23811,80,10,320,40.471146,-89.27755,1029985,86,5/13/2022,14:10:08
2.3,36.14,41500,25,25,23942,80,10,473,40.471771,-89.276985,1032833,86,5/13/2022,14:10:15
-0.3,31.46,40795,28,24,24052,80,10,574,40.472561,-89.276665,1035671,86,5/13/2022,14:10:22
2.6,36.68,41138,33,27,24165,80,10,672,40.473179,-89.276077,1038509,86,5/13/2022,14:10:29
-5.3,22.46,39841,44,21,24273,80,10,774,40.473751,-89.275368,1041347,86,5/13/2022,14:10:36
0.7,33.26,40731,49,21,24396,80,10,927,40.474171,-89.274811,1044189,87,5/13/2022,14:10:43
1.1,33.98,40487,21,27,24552,80,10,299,40.474983,-89.274261,1047039,87,5/13/2022,14:10:51
-2.1,28.22,39720,50,22,24716,80,10,473,40.475613,-89.273766,1049887,87,5/13/2022,14:10:58
-1.1,30.02,39507,31,16,24869,80,10,573,40.476032,-89.273315,1052725,87,5/13/2022,14:11:05
2.8,37.04,39783,31,23,24983,80,10,674,40.476589,-89.272987,1055563,87,5/13/2022,14:11:12
1.8,35.24,39605,50,25,25095,80,10,771,40.477211,-89.272263,1058401,87,5/13/2022,14:11:19
1.5,34.7,39461,46,26,25178,80,10,126,40.477959,-89.271423,1061252,88,5/13/2022,14:11:27
0.1,32.18,39193,35,20,25330,80,10,371,40.47847,-89.27076,1064088,89,5/13/2022,14:11:34
0.2,32.36,38940,61,24,25502,80,10,478,40.479015,-89.270058,1066926,89,5/13/2022,14:11:41
-1.4,29.48,38274,26,18,25630,80,10,580,40.47937,-89.269516,1069764,89,5/13/2022,14:11:48
-0.7,30.74,38533,27,28,25756,80,10,676,40.48008,-89.268974,1072598,89,5/13/2022,14:11:55
-0.8,30.56,38326,47,25,25873,80,10,783,40.480671,-89.268135,1075436,89,5/13/2022,14:12:02
-2,28.4,37693,47,17,25967,80,10,112,40.481071,-89.267372,1078274,90,5/13/2022,14:12:10
-3.9,24.98,37357,35,26,26104,80,10,365,40.481682,-89.266891,1081114,91,5/13/2022,14:12:17
-0.2,31.64,37797,59,22,26220,80,10,476,40.482246,-89.266098,1083952,91,5/13/2022,14:12:24
-3,26.6,37098,40,16,26312,80,10,573,40.482601,-89.265442,1086790,91,5/13/2022,14:12:31
-3.2,26.24,36905,29,25,26408,87,9,679,40.483154,-89.264992,1089630,91,5/13/2022,14:12:38
-5,23,36618,35,26,26500,80,10,783,40.483864,-89.264389,1092476,91,5/13/2022,14:12:45
-0.4,31.28,37153,27,27,26624,80,10,945,40.484581,-89.26368,1095329,92,5/13/2022,14:12:52
-4.1,24.62,36353,46,26,26753,80,10,317,40.485367,-89.26297,1098181,94,5/13/2022,14:13:00
-2.7,27.14,36785,55,14,26882,80,10,472,40.485771,-89.262192,1101021,94,5/13/2022,14:13:07
-3.9,24.98,36171,49,17,26987,80,10,579,40.486092,-89.261612,1103867,94,5/13/2022,14:13:14
-1.3,29.66,36340,50,29,27147,80,10,679,40.486656,-89.260963,1106711,94,5/13/2022,14:13:21
-2.6,27.32,36012,53,17,27257,80,10,777,40.487003,-89.260162,1109569,94,5/13/2022,14:13:28
-5,23,35357,29,25,27375,80,10,930,40.487511,-89.259666,1112413,95,5/13/2022,14:13:35
-9.3,15.26,35386,38,29,27486,80,10,309,40.48835,-89.258881,1115256,96,5/13/2022,14:13:43
-0.6,30.92,35728,40,25,27567,80,10,471,40.489017,-89.258049,1118094,96,5/13/2022,14:13:50
-3.8,25.16,35573,43,17,27663,80,10,574,40.489513,-89.257561,1120932,96,5/13/2022,14:13:57
-4.1,24.62,35400,49,17,27770,80,10,676,40.489872,-89.256935,1123770,96,5/13/2022,14:14:04
-7.7,18.14,34572,30,28,27911,80,10,775,40.490372,-89.256454,1126608,96,5/13/2022,14:14:11
-6.8,19.76,34614,42,25,27999,80,10,934,40.490997,-89.255676,1129450,97,5/13/2022,14:14:18
-9.2,15.44,34215,31,25,28085,80,10,310,40.491699,-89.255081,1132317,98,5/13/2022,14:14:26
-6.8,19.76,34319,25,25,28152,80,10,481,40.492306,-89.254494,1135183,98,5/13/2022,14:14:33
-4.2,24.44,34757,25,24,28225,80,10,581,40.492935,-89.25399,1138031,98,5/13/2022,14:14:40
-8,17.6,33975,22,18,28295,80,10,680,40.493538,-89.253471,1140869,98,5/13/2022,14:14:47
-7.3,18.86,33900,32,15,28364,80,10,788,40.494102,-89.253067,1143717,98,5/13/2022,14:14:54
-3.4,25.88,34409,39,20,28441,80,10,113,40.494778,-89.25251,1146584,99,5/13/2022,14:15:02
-3,26.6,34286,32,23,28533,80,10,378,40.495411,-89.252052,1149439,100,5/13/2022,14:15:09
-4.5,23.9,34191,20,27,28607,80,10,480,40.496101,-89.251579,1152277,100,5/13/2022,14:15:16
-5.3,22.46,34086,10,27,28685,80,10,579,40.496788,-89.251144,1155125,100,5/13/2022,14:15:23
-6,21.2,33944,11,20,28770,80,10,679,40.497482,-89.250732,1157971,100,5/13/2022,14:15:30
-6.4,20.48,33810,29,20,28851,80,10,783,40.498146,-89.250336,1160815,100,5/13/2022,14:15:37
-6.3,20.66,33688,34,30,28931,80,10,111,40.498962,-89.249794,1163661,101,5/13/2022,14:15:45
-5.6,21.92,33554,16,28,29032,80,10,362,40.499672,-89.249405,1166509,102,5/13/2022,14:15:52
-9.3,15.26,32780,9,23,29114,80,10,480,40.500401,-89.249054,1169353,102,5/13/2022,14:15:59
-4.7,23.54,33272,20,16,29196,80,10,577,40.501091,-89.248688,1172191,102,5/13/2022,14:16:06
-4.1,24.62,33194,37,22,29282,80,10,678,40.501789,-89.248291,1175033,102,5/13/2022,14:16:13
-4,24.8,33064,29,28,29367,80,10,788,40.502502,-89.247841,1177885,102,5/13/2022,14:16:20
-15.4,4.28,32914,9,23,29455,80,10,155,40.503345,-89.247391,1180723,103,5/13/2022,14:16:28
-3.2,26.24,32791,27,16,29557,80,10,380,40.504025,-89.246956,1183561,104,5/13/2022,14:16:35
-3,26.6,32678,44,22,29648,80,10,481,40.504684,-89.246536,1186409,104,5/13/2022,14:16:42
-2.9,26.78,32550,27,23,29736,80,10,578,40.505295,-89.24614,1189255,104,5/13/2022,14:16:49
-3.1,26.42,32399,23,25,29829,80,10,680,40.505962,-89.245781,1192091,104,5/13/2022,14:16:56
-8.3,17.06,31379,10,21,29920,80,10,785,40.506596,-89.245461,1194935,104,5/13/2022,14:17:03
-1.9,28.58,32157,39,20,30016,80,10,112,40.507259,-89.245071,1197783,105,5/13/2022,14:17:11
-1.9,28.58,32012,26,24,30117,80,10,363,40.50787,-89.24472,1200642,106,5/13/2022,14:17:18
-3.7,25.34,31897,22,25,30216,80,10,477,40.508518,-89.244339,1203484,106,5/13/2022,14:17:25
-8.9,15.98,31060,10,23,30310,80,10,579,40.509125,-89.244019,1206322,106,5/13/2022,14:17:32
-16.5,2.3,29771,15,17,30421,80,10,686,40.509735,-89.243668,1209158,106,5/13/2022,14:17:39
-5.4,22.28,31445,30,11,30540,80,10,784,40.51033,-89.243309,1211992,106,5/13/2022,14:17:46
-5.8,21.56,31245,32,21,30646,80,10,110,40.511017,-89.242897,1214834,107,5/13/2022,14:17:54
-7.3,18.86,30730,21,17,30807,80,10,361,40.511597,-89.242615,1217672,108,5/13/2022,14:18:01
-8.4,16.88,30539,357,21,30937,80,10,477,40.512154,-89.242302,1220514,108,5/13/2022,14:18:08
-6.5,20.3,30781,355,20,31035,80,10,582,40.512901,-89.242249,1223360,108,5/13/2022,14:18:15
-7.6,18.32,30658,351,20,31131,80,10,683,40.513523,-89.242088,1226212,108,5/13/2022,14:18:22
-8,17.6,30513,354,18,31230,80,10,785,40.514126,-89.241959,1229062,108,5/13/2022,14:18:29
-9,15.8,30385,20,20,31332,80,10,135,40.514832,-89.241776,1231916,108,5/13/2022,14:18:37
-9,15.8,30237,19,22,31442,80,10,379,40.515457,-89.241608,1234767,109,5/13/2022,14:18:44
-12.6,9.32,29712,28,25,31543,80,10,488,40.516102,-89.241402,1237627,109,5/13/2022,14:18:51
-10.3,13.46,29858,17,27,31646,80,10,588,40.516754,-89.241211,1240475,109,5/13/2022,14:18:58
-9.3,15.26,29856,359,21,31748,80,10,686,40.517357,-89.241058,1243313,109,5/13/2022,14:19:05
-19.2,-2.56,28255,2,19,31844,80,10,794,40.51799,-89.240944,1246147,109,5/13/2022,14:19:12
-12.3,9.86,29156,28,18,31936,80,10,185,40.518665,-89.240715,1248996,110,5/13/2022,14:19:20
-8.8,16.16,29460,21,24,32040,80,10,417,40.519344,-89.240494,1251848,111,5/13/2022,14:19:27
-9.6,14.72,29333,1,25,32132,80,10,520,40.519974,-89.240349,1254682,111,5/13/2022,14:19:34
-25.2,-13.36,30232,351,16,32225,80,10,616,40.520603,-89.240173,1257522,111,5/13/2022,14:19:41
-13.8,7.16,28536,16,15,32319,80,10,724,40.521217,-89.240036,1260372,111,5/13/2022,14:19:48
-12.5,9.5,28618,34,18,32419,80,10,847,40.521824,-89.239822,1263226,111,5/13/2022,14:19:55
-15.6,3.92,27985,0,27,32528,80,10,257,40.522568,-89.239632,1266090,112,5/13/2022,14:20:03
-18.5,-1.3,27131,343,19,32626,80,10,467,40.52322,-89.239548,1268952,112,5/13/2022,14:20:10
-8.5,16.7,28531,8,12,32718,80,10,574,40.523842,-89.239464,1271798,112,5/13/2022,14:20:17
-9.5,14.9,28452,21,20,32810,80,10,670,40.524437,-89.23938,1274637,112,5/13/2022,14:20:24
-10,14,28280,15,28,32936,80,10,770,40.525162,-89.239227,1277484,112,5/13/2022,14:20:31
-10.3,13.46,28143,345,27,33065,80,10,921,40.526043,-89.239395,1280339,113,5/13/2022,14:20:38
-11.4,11.48,27981,347,16,33164,80,10,302,40.526897,-89.239555,1283189,113,5/13/2022,14:20:46
-10.2,13.64,27887,3,20,33263,80,10,477,40.527615,-89.239609,1286034,113,5/13/2022,14:20:53
-11.4,11.48,27800,357,22,33352,80,10,575,40.528351,-89.239677,1288881,113,5/13/2022,14:21:00
-12.5,9.5,27689,346,25,33436,80,10,677,40.529125,-89.239784,1291726,113,5/13/2022,14:21:07
-23.1,-9.58,25969,333,21,33527,80,10,779,40.529793,-89.239891,1294577,113,5/13/2022,14:21:14
-13.6,7.52,27290,6,23,33631,80,10,201,40.530647,-89.239998,1297426,114,5/13/2022,14:21:22
-13,8.6,27309,16,29,33752,80,10,413,40.531467,-89.240005,1300268,115,5/13/2022,14:21:29
-13.3,8.06,27182,9,32,33839,80,10,514,40.532242,-89.239944,1303111,115,5/13/2022,14:21:36
-13.7,7.34,27093,0,29,33924,80,10,613,40.533009,-89.239937,1305948,115,5/13/2022,14:21:43
-19.5,-3.1,26168,349,25,34002,80,10,710,40.533772,-89.239975,1308801,115,5/13/2022,14:21:50
-14.7,5.54,26927,341,17,34079,80,10,849,40.534485,-89.240021,1311648,115,5/13/2022,14:21:57
-18,-0.4,26456,13,19,34176,80,10,223,40.535263,-89.240044,1314497,116,5/13/2022,14:22:05
-14.6,5.72,26709,14,26,34250,80,9,467,40.536022,-89.239967,1317338,116,5/13/2022,14:22:12
-15.4,4.28,26620,1,29,34330,80,10,565,40.536797,-89.239883,1320181,116,5/13/2022,14:22:19
-16.1,3.02,26539,352,21,34400,80,10,669,40.537544,-89.239746,1323024,116,5/13/2022,14:22:26
-16.1,3.02,26431,13,18,34475,80,10,773,40.538284,-89.239616,1325869,116,5/13/2022,14:22:33
-16.7,1.94,26349,29,20,34544,80,10,928,40.53899,-89.23941,1328721,117,5/13/2022,14:22:40
-17.1,1.22,26278,5,26,34631,80,10,305,40.539818,-89.239182,1331570,117,5/13/2022,14:22:48
-18,-0.4,26189,355,22,34708,80,10,463,40.540546,-89.239014,1334413,117,5/13/2022,14:22:55
-18.2,-0.76,26105,0,13,34781,80,10,574,40.541176,-89.238815,1337254,117,5/13/2022,14:23:02
-21,-5.8,25666,35,20,34863,80,10,670,40.541832,-89.238571,1340093,117,5/13/2022,14:23:09
-17.7,0.14,25873,23,29,34952,80,10,774,40.542622,-89.23822,1342942,117,5/13/2022,14:23:16
-18.4,-1.12,25821,7,28,35032,80,10,928,40.543423,-89.237923,1345792,118,5/13/2022,14:23:23
-25.4,-13.72,24895,18,18,35123,80,10,300,40.544338,-89.23764,1348638,119,5/13/2022,14:23:31
-18.5,-1.3,25612,32,25,35198,80,10,477,40.545139,-89.23732,1351477,119,5/13/2022,14:23:38
-19,-2.2,25492,21,30,35277,80,10,581,40.545967,-89.236984,1354320,119,5/13/2022,14:23:45
-18.7,-1.66,25432,4,31,35352,80,10,688,40.546833,-89.236763,1357171,119,5/13/2022,14:23:52
-18.7,-1.66,25263,355,23,35429,80,10,782,40.547649,-89.236526,1360024,119,5/13/2022,14:23:59
-18.3,-0.94,25217,27,24,35507,80,10,157,40.548561,-89.236244,1362869,120,5/13/2022,14:24:07
-20.5,-4.9,24849,24,34,35598,80,10,380,40.549496,-89.235901,1365710,121,5/13/2022,14:24:14
-19.9,-3.82,24615,4,32,35668,80,10,486,40.550362,-89.235664,1368549,121,5/13/2022,14:24:21
-22.5,-8.5,24180,5,27,35750,80,10,587,40.551273,-89.235413,1371388,121,5/13/2022,14:24:28
-20.1,-4.18,24174,9,21,35828,80,10,685,40.552116,-89.235222,1374235,121,5/13/2022,14:24:35
-16.4,2.48,24759,24,22,35908,80,10,786,40.552921,-89.235031,1377080,121,5/13/2022,14:24:42
-17.2,1.04,24683,8,32,35985,80,10,128,40.553875,-89.234795,1379932,122,5/13/2022,14:24:50
-27.6,-17.68,23095,354,26,36073,80,10,379,40.55468,-89.234627,1382779,123,5/13/2022,14:24:57
-17.2,1.04,24501,354,21,36152,80,10,481,40.555481,-89.234489,1385618,123,5/13/2022,14:25:04
-17.9,-0.22,24432,8,22,36233,80,10,588,40.556309,-89.234413,1388463,123,5/13/2022,14:25:11
-21.1,-5.98,23954,9,28,36314,80,10,688,40.557159,-89.234344,1391310,123,5/13/2022,14:25:18
-22.7,-8.86,23514,359,33,36409,80,10,784,40.558037,-89.234276,1394155,123,5/13/2022,14:25:25
-17.9,-0.22,24126,347,22,36503,80,10,115,40.55899,-89.234314,1397005,124,5/13/2022,14:25:33
-18.3,-0.94,24008,7,19,36606,80,10,379,40.559772,-89.234299,1399854,125,5/13/2022,14:25:40
-18.9,-2.02,23924,12,27,36692,80,10,476,40.560574,-89.234222,1402703,125,5/13/2022,14:25:47
-21.5,-6.7,23387,359,32,36783,80,10,578,40.561443,-89.234184,1405556,125,5/13/2022,14:25:54
-18.5,-1.3,23721,341,27,36874,80,10,679,40.562256,-89.234215,1408399,125,5/13/2022,14:26:01
-52.9,-63.22,23333,340,18,36963,80,10,782,40.563034,-89.234268,1411254,125,5/13/2022,14:26:08
-21.3,-6.34,23216,13,25,37067,80,10,106,40.563858,-89.234253,1414108,126,5/13/2022,14:26:16
-18.9,-2.02,23396,356,31,37163,80,10,431,40.56464,-89.234245,1416959,126,5/13/2022,14:26:23
-19.9,-3.82,23310,346,24,37266,80,10,530,40.565414,-89.234238,1419804,126,5/13/2022,14:26:30
-20.2,-4.36,23184,356,18,37376,80,10,636,40.566162,-89.23423,1422655,126,5/13/2022,14:26:37
-25.1,-13.18,22600,22,18,37485,80,10,742,40.566849,-89.234131,1425512,126,5/13/2022,14:26:44
-21.8,-7.24,22863,18,30,37601,80,10,900,40.567577,-89.234001,1428363,127,5/13/2022,14:26:51
-21.2,-6.16,22812,18,20,37760,80,10,272,40.568394,-89.233788,1431211,128,5/13/2022,14:26:59
-21.7,-7.06,22687,26,14,37880,80,10,473,40.568993,-89.233391,1434054,128,5/13/2022,14:27:06
-21.9,-7.42,22570,25,22,38000,80,10,576,40.569637,-89.232903,1436897,128,5/13/2022,14:27:13
-24.7,-12.46,22061,27,26,38094,80,10,679,40.570309,-89.232643,1439736,128,5/13/2022,14:27:20
-21.8,-7.24,22357,20,26,38195,80,10,782,40.57098,-89.232422,1442573,128,5/13/2022,14:27:27
-25.3,-13.54,21795,10,29,38291,80,10,112,40.571793,-89.232109,1445428,129,5/13/2022,14:27:35
-26.1,-14.98,21442,6,24,38398,80,10,371,40.572544,-89.231842,1448293,130,5/13/2022,14:27:42
-22.5,-8.5,22095,7,24,38497,80,10,476,40.573231,-89.23156,1451148,130,5/13/2022,14:27:49
-58.3,-72.94,21540,14,17,38600,80,10,575,40.573891,-89.23127,1454001,130,5/13/2022,14:27:56
-20.9,-5.62,21641,32,22,38698,80,10,683,40.574574,-89.230972,1456844,130,5/13/2022,14:28:03
-20.3,-4.54,21697,27,30,38793,80,10,785,40.57531,-89.230606,1459693,130,5/13/2022,14:28:10
-26.4,-15.52,20732,0,23,38898,80,10,158,40.576202,-89.23027,1462555,131,5/13/2022,14:28:18
-27.2,-16.96,20459,13,15,39019,80,10,380,40.576893,-89.229973,1465404,132,5/13/2022,14:28:25
-21.3,-6.34,21029,35,22,39122,80,10,481,40.577583,-89.22963,1468233,132,5/13/2022,14:28:32
-21.6,-6.88,20948,27,30,39225,80,10,585,40.578335,-89.229309,1471070,132,5/13/2022,14:28:39
-19.2,-2.56,21161,5,28,39329,80,10,693,40.579033,-89.229012,1473909,132,5/13/2022,14:28:46
-20.5,-4.9,21060,353,22,39435,80,10,790,40.579773,-89.228783,1476752,132,5/13/2022,14:28:53
-21,-5.8,20950,26,18,39576,80,10,107,40.580528,-89.228508,1479603,133,5/13/2022,14:29:01
-24.1,-11.38,20519,30,27,39685,80,10,433,40.581264,-89.22821,1482464,133,5/13/2022,14:29:08
-33.8,-28.84,22228,2,26,39240,95,10,905,40.760525,-89.339363,3089477,334,5/13/2022,15:53:55
-51.9,-61.42,20383,6,27,38696,95,10,287,40.761501,-89.339256,3092343,335,5/13/2022,15:54:03
-33.6,-28.48,23082,8,28,38212,95,10,477,40.76239,-89.339104,3095196,335,5/13/2022,15:54:10
-33,-27.4,23580,2,29,37733,95,10,582,40.763321,-89.339012,3098049,335,5/13/2022,15:54:17
-45.2,-49.36,22659,3,30,37259,95,10,685,40.764278,-89.338974,3100892,335,5/13/2022,15:54:24
-32.9,-27.22,24437,9,30,36801,95,10,788,40.765263,-89.338821,3103737,335,5/13/2022,15:54:31
-44.9,-48.82,23308,13,28,36347,95,10,185,40.766327,-89.338516,3106597,336,5/13/2022,15:54:39
-34.8,-30.64,24905,7,28,35838,95,10,408,40.767273,-89.338303,3109452,337,5/13/2022,15:54:46
-31.9,-25.42,25870,1,24,35398,95,10,510,40.768124,-89.338226,3112309,337,5/13/2022,15:54:53
-31.2,-24.16,26368,2,25,34964,95,10,615,40.768948,-89.338211,3115182,337,5/13/2022,15:55:00
-33.9,-29.02,26435,354,26,34525,95,10,713,40.769791,-89.338272,3118055,337,5/13/2022,15:55:07
-31.4,-24.52,27245,354,26,34086,95,10,848,40.770641,-89.338379,3120918,337,5/13/2022,15:55:14
-30,-22,27839,352,26,33592,95,10,229,40.771614,-89.338539,3123777,337,5/13/2022,15:55:22
-29.6,-21.28,28382,348,26,33166,95,10,472,40.772453,-89.338737,3126630,337,5/13/2022,15:55:29
-43.3,-45.94,27409,351,23,32741,95,10,576,40.77327,-89.338928,3129505,337,5/13/2022,15:55:36
-28.6,-19.48,29360,350,21,32328,95,10,694,40.773991,-89.339043,3132371,337,5/13/2022,15:55:43
-34.8,-30.64,28277,358,22,31920,95,10,813,40.774727,-89.339119,3135241,337,5/13/2022,15:55:50
-32.5,-26.5,29615,353,21,31458,110,9,194,40.775562,-89.339195,3138110,338,5/13/2022,15:55:58
-31.2,-24.16,30321,358,23,31056,95,10,469,40.776318,-89.339279,3140980,338,5/13/2022,15:56:05
-32.7,-26.86,30582,3,23,30660,95,10,576,40.777061,-89.339272,3143824,338,5/13/2022,15:56:12
-45.8,-50.44,30358,6,25,30270,94,10,682,40.777851,-89.339157,3146662,338,5/13/2022,15:56:19
-46.6,-51.88,30106,4,25,29883,94,10,786,40.778679,-89.339043,3149492,338,5/13/2022,15:56:26
-25.4,-13.72,33008,7,24,29496,94,10,113,40.779594,-89.338921,3152323,339,5/13/2022,15:56:34
-33.6,-28.48,32193,13,23,29066,94,10,366,40.780334,-89.338737,3155173,340,5/13/2022,15:56:41
-57.7,-71.86,30609,18,23,28699,94,10,479,40.781063,-89.338455,3158031,340,5/13/2022,15:56:48
-47.3,-53.14,33159,27,22,28330,94,10,586,40.781757,-89.338097,3160887,340,5/13/2022,15:56:55
-23.5,-10.3,35227,26,21,27949,94,10,695,40.782406,-89.337708,3163735,340,5/13/2022,15:57:02
-32.3,-26.14,34105,22,21,27563,94,10,795,40.783051,-89.337341,3166597,340,5/13/2022,15:57:09
-22.6,-8.68,36335,20,20,27181,94,10,187,40.783794,-89.336983,3169448,341,5/13/2022,15:57:17
-22,-7.6,36952,17,21,26749,94,10,410,40.784458,-89.336731,3172319,342,5/13/2022,15:57:24
-21.1,-5.98,37563,16,22,26375,130,10,503,40.785145,-89.336487,3175252,342,5/13/2022,15:57:31
-20.5,-4.9,38128,13,22,26009,94,10,609,40.785858,-89.336273,3178224,342,5/13/2022,15:57:38
-36.3,-33.34,37599,11,23,25648,94,10,710,40.786598,-89.336113,3181184,342,5/13/2022,15:57:45
-19,-2.2,39288,10,23,25290,94,10,842,40.787334,-89.335915,3184152,342,5/13/2022,15:57:52
-26.7,-16.06,38167,0,23,24886,94,10,225,40.788208,-89.335777,3187117,343,5/13/2022,15:58:00
-22.8,-9.04,39682,1,24,24530,94,10,486,40.789001,-89.335754,3190081,343,5/13/2022,15:58:07
-23.1,-9.58,40049,357,26,24176,94,10,585,40.789806,-89.335762,3193051,343,5/13/2022,15:58:14
-17.3,0.86,41564,356,26,23826,94,10,690,40.790649,-89.335823,3196039,343,5/13/2022,15:58:21
-16.3,2.66,42220,359,26,23481,94,10,792,40.7915,-89.335838,3199015,343,5/13/2022,15:58:28
-15.4,4.28,42903,2,26,23085,94,10,168,40.79248,-89.335808,3201978,344,5/13/2022,15:58:36
-20.2,-4.36,42633,358,28,22745,94,10,483,40.793373,-89.335831,3204952,344,5/13/2022,15:58:43
-19.7,-3.46,43247,357,28,22402,94,10,592,40.794281,-89.335899,3207934,344,5/13/2022,15:58:50
-32.2,-25.96,41723,0,26,22060,94,10,699,40.795162,-89.335953,3210910,344,5/13/2022,15:58:57
-16.9,1.58,44626,1,24,21724,94,10,801,40.795979,-89.33596,3213896,344,5/13/2022,15:59:04
-12.2,10.04,46016,2,22,21343,94,10,158,40.796852,-89.335953,3216887,344,5/13/2022,15:59:12
-11.9,10.58,46618,5,20,21010,94,10,487,40.797562,-89.33593,3219871,344,5/13/2022,15:59:19
-19.6,-3.28,45752,7,21,20676,93,10,591,40.798233,-89.335838,3222843,344,5/13/2022,15:59:26
-14.7,5.54,47070,7,20,20348,93,10,696,40.798893,-89.335739,3225823,344,5/13/2022,15:59:33
-10,14,48513,2,21,20022,93,10,797,40.799553,-89.335655,3228811,344,5/13/2022,15:59:40
-9.5,14.9,49162,3,20,19640,93,10,108,40.800316,-89.335617,3231801,345,5/13/2022,15:59:48
-8.4,16.88,49897,0,20,19309,93,10,441,40.80098,-89.335571,3234783,346,5/13/2022,15:59:55
-11.9,10.58,49509,358,19,18987,93,10,546,40.801628,-89.335609,3237767,346,5/13/2022,16:00:02
-7.2,19.04,51195,354,18,18666,93,10,653,40.802273,-89.335678,3240755,346,5/13/2022,16:00:09
-16.9,1.58,49947,352,17,18348,93,10,753,40.802883,-89.33577,3243743,346,5/13/2022,16:00:16
-13.7,7.34,49974,349,20,18031,93,10,905,40.803509,-89.335938,3246742,347,5/13/2022,16:00:23
-9.5,14.9,52484,346,17,17672,93,10,276,40.804153,-89.336143,3249729,348,5/13/2022,16:00:31
-5.3,22.46,53809,339,16,17359,93,10,513,40.804676,-89.336357,3252707,348,5/13/2022,16:00:38
-14.6,5.72,52471,333,18,17043,93,10,613,40.805199,-89.336662,3255685,348,5/13/2022,16:00:45
-6.5,20.3,54751,343,18,16713,93,10,711,40.805733,-89.336952,3258667,348,5/13/2022,16:00:52
-6.1,21.02,55442,339,19,16375,93,10,841,40.806301,-89.337227,3261651,348,5/13/2022,16:00:59
-8.1,17.42,56609,339,20,15980,93,10,218,40.806969,-89.337555,3264647,349,5/13/2022,16:01:07
-1.9,28.58,57579,354,18,15638,93,10,501,40.807564,-89.337723,3267641,349,5/13/2022,16:01:14
-5.5,22.1,57580,6,16,15300,93,10,603,40.808105,-89.337708,3270609,349,5/13/2022,16:01:21
-9.3,15.26,58574,18,14,14965,93,10,701,40.808613,-89.337532,3273591,349,5/13/2022,16:01:28
-12.5,9.5,58385,1,14,14629,93,10,818,40.809052,-89.337433,3276567,349,5/13/2022,16:01:35
-13.1,8.42,58249,351,11,14240,93,10,186,40.809513,-89.337418,3279536,350,5/13/2022,16:01:43
-3.5,25.7,60493,340,10,13913,93,10,490,40.809887,-89.337517,3282540,350,5/13/2022,16:01:50
1.3,34.34,62238,337,10,13594,93,10,597,40.810204,-89.337677,3285534,350,5/13/2022,16:01:57
1.9,35.42,63042,345,9,13269,93,10,695,40.81052,-89.33783,3288518,350,5/13/2022,16:02:04
2.2,35.96,63808,351,8,12939,93,10,797,40.810791,-89.337952,3291508,350,5/13/2022,16:02:11
-19.5,-3.1,61109,340,8,12553,93,10,111,40.811089,-89.33802,3294489,351,5/13/2022,16:02:19
-4.2,24.44,63742,345,7,12226,93,10,440,40.811359,-89.338112,3297463,352,5/13/2022,16:02:26
3.9,39.02,66257,333,6,11896,92,10,546,40.811592,-89.338203,3300431,352,5/13/2022,16:02:33
-1.9,28.58,65897,336,6,11565,92,10,650,40.811798,-89.338341,3303419,352,5/13/2022,16:02:40
5.5,41.9,68029,337,6,11239,92,10,749,40.812008,-89.338448,3306389,352,5/13/2022,16:02:47
2.5,36.5,68069,316,5,10907,92,10,895,40.812176,-89.338562,3309369,353,5/13/2022,16:02:54
6.7,44.06,69805,334,2,10530,92,10,264,40.812283,-89.338684,3312351,354,5/13/2022,16:03:02
6.9,44.42,70664,307,4,10202,92,10,501,40.812389,-89.338806,3315314,354,5/13/2022,16:03:09
1.8,35.24,70185,301,3,9875,92,10,601,40.812447,-89.338936,3318277,354,5/13/2022,16:03:16
8,46.4,72347,319,1,9558,92,10,694,40.812515,-89.339027,3321242,354,5/13/2022,16:03:23
2.2,35.96,71510,267,1,9255,92,10,793,40.812538,-89.339081,3324203,354,5/13/2022,16:03:30
9.4,48.92,74091,348,1,8944,92,10,202,40.812592,-89.339142,3327174,355,5/13/2022,16:03:38
5.2,41.36,73638,292,1,8582,92,10,441,40.812626,-89.339195,3330152,355,5/13/2022,16:03:45
10.1,50.18,75818,90,1,8263,92,10,535,40.812645,-89.339203,3333109,355,5/13/2022,16:03:52
-2.4,27.68,76144,71,1,7956,92,10,634,40.812641,-89.339142,3336068,355,5/13/2022,16:03:59
11.4,52.52,77555,149,2,7643,92,10,729,40.812603,-89.339066,3339049,355,5/13/2022,16:04:06
0.7,33.26,79141,101,4,7347,92,10,866,40.812561,-89.338921,3342022,355,5/13/2022,16:04:13
4.4,39.92,78139,109,5,6996,92,10,238,40.812508,-89.338661,3344994,356,5/13/2022,16:04:21
13.7,56.66,80359,114,7,6683,92,10,493,40.81242,-89.338394,3347978,356,5/13/2022,16:04:28
14.1,57.38,81250,108,7,6371,92,10,594,40.812325,-89.338112,3350950,356,5/13/2022,16:04:35
14.6,58.28,81983,120,7,6086,92,10,690,40.812229,-89.337791,3353918,356,5/13/2022,16:04:42
15.7,60.26,83006,111,6,5786,92,10,790,40.812138,-89.337517,3356886,356,5/13/2022,16:04:49
16.1,60.98,83858,98,8,5479,92,10,182,40.812042,-89.337158,3359877,357,5/13/2022,16:04:57
17,62.6,84924,92,6,5124,92,10,434,40.812019,-89.33683,3362859,358,5/13/2022,16:05:04
17.2,62.96,85705,102,5,4825,92,10,530,40.811977,-89.336563,3365841,358,5/13/2022,16:05:11
13.7,56.66,85701,88,7,4520,92,10,628,40.811974,-89.336266,3368813,358,5/13/2022,16:05:18
18.6,65.48,87640,102,8,4225,92,10,725,40.811954,-89.335915,3371783,358,5/13/2022,16:05:25
12,53.6,86925,63,6,3932,91,10,856,40.811985,-89.335571,3374743,358,5/13/2022,16:05:32
9.3,48.74,89792,70,9,3619,91,10,343,40.812126,-89.335175,3377714,359,5/13/2022,16:05:40
17.5,63.5,89548,44,9,3369,91,10,497,40.812328,-89.334831,3380694,359,5/13/2022,16:05:47
20.8,69.44,90993,48,9,3139,91,10,595,40.812595,-89.334557,3383663,359,5/13/2022,16:05:54
20.6,69.08,91587,36,13,2924,91,10,693,40.812893,-89.334213,3386638,359,5/13/2022,16:06:01
15.5,59.9,90933,34,13,2708,91,10,793,40.813282,-89.33387,3389611,359,5/13/2022,16:06:08
19.6,67.28,92562,30,11,2439,91,10,133,40.813675,-89.333534,3392595,360,5/13/2022,16:06:16
15.4,59.72,92109,24,11,2203,91,10,454,40.814037,-89.333282,3395570,360,5/13/2022,16:06:23
20.1,68.18,94151,26,12,1966,91,10,555,40.814365,-89.333099,3398531,360,5/13/2022,16:06:30
18.8,65.84,94713,18,14,1725,98,9,657,40.814789,-89.332893,3401512,360,5/13/2022,16:06:37
21.3,70.34,95550,17,13,1485,91,10,751,40.815208,-89.332733,3404485,360,5/13/2022,16:06:44
23.4,74.12,96569,28,14,1273,98,9,903,40.815674,-89.332565,3407477,361,5/13/2022,16:06:51
25.6,78.08,97773,19,15,1036,95,10,302,40.816181,-89.332298,3410449,362,5/13/2022,16:06:59
